DonorCode,paths,DonorType,DonorCode,Num
_D128,10,10,10,10
_D130,2,2,2,2
_D131,7,7,7,7
_D132,12,12,12,12
_D133,69,69,69,69
_D134,58,58,58,58
_D135,116,116,116,116
_D136,5,5,5,5
_D137,1,1,1,1
_D138,7,7,7,7
_D139,17,17,17,17
_D140,1,1,1,1
_D142,7,7,7,7
_D144,5,5,5,5
_D145,35,35,35,35
_D146,7,7,7,7
_D147,9,9,9,9
_D148,2,2,2,2
_D149,9,9,9,9
_D150,3,3,3,3
_D151,6,6,6,6
_D152,8,8,8,8
_D153,1,1,1,1
_D154,16,16,16,16
_D155,3,3,3,3
_D156,7,7,7,7
_D157,5,5,5,5
_D158,2,2,2,2
_D161,3,3,3,3
_D162,4,4,4,4
_D163,28,28,28,28
_D164,3,3,3,3
_D165,13,13,13,13
_D166,5,5,5,5
_D167,4,4,4,4
_D168,6,6,6,6
_D169,14,14,14,14
_D170,15,15,15,15
_D171,3,3,3,3
_D172,27,27,27,27
_D173,5,5,5,5
_D174,8,8,8,8
_D175,9,9,9,9
_D176,12,12,12,12
